Region/Sub-Region or Country of Birth,1999,2000,2001,2002,2003,2004,2005,2006,2007,2008,2009,2010,2011,2012,2013,2014,2015,2016,2017
All Countries (total)," 644,787 "," 841,002 "," 1,058,902 "," 1,059,356 "," 703,542 "," 957,883 "," 1,122,257 "," 1,266,129 "," 1,052,415 "," 1,107,126 "," 1,130,818 "," 1,042,625 "," 1,062,040 "," 1,031,631 "," 990,553 "," 1,016,518 "," 1,051,031 "," 1,183,505 "," 1,127,167 "
Africa," 36,572 "," 44,529 "," 53,723 "," 60,094 "," 48,633 "," 66,412 "," 85,091 "," 117,416 "," 94,709 ","105,915","127,046","101,355","100,374","107,241","98,304","98,413","101,415","113,426","118,824"
Eastern Africa," 8,839 "," 10,778 "," 13,373 "," 18,426 "," 14,901 "," 21,266 "," 26,530 "," 41,295 "," 31,731 "," 36,558 "," 49,419 "," 34,498 "," 34,001 "," 35,539 "," 30,044 "," 30,241 "," 31,618 "," 35,047 "," 39,311 "
Burundi, 16 , 28 , 79 , 120 , 74 , 100 , 186 , 320 , 257 , 255 ," 1,505 ", 841 , 593 , 535 , 260 , 273 , 351 , 415 ," 1,094 "
Comoros, X , X , X , X , X , X , 6 , 7 , 7 , D , 3 , 4 , 8 , 10 , D , 9 , 5 , 4 , 4 
Djibouti, 6 , 14 , 22 , 30 , 16 , 37 , 50 , 34 , 23 , 39 , 54 , 37 , 56 , 106 , 90 , 190 , 370 , 281 , 222 
Eritrea, 325 , 382 , 540 , 560 , 556 , 675 , 796 ," 1,593 "," 1,081 "," 1,270 "," 1,928 "," 1,656 "," 2,102 "," 2,643 "," 2,138 "," 2,002 "," 2,220 "," 2,267 "," 2,449 "
Ethiopia," 4,262 "," 4,053 "," 5,092 "," 7,565 "," 6,635 "," 8,286 "," 10,571 "," 16,152 "," 12,786 "," 12,917 "," 15,462 "," 14,266 "," 13,793 "," 14,544 "," 13,097 "," 12,300 "," 11,394 "," 13,232 "," 14,637 "
Kenya," 1,407 "," 2,197 "," 2,501 "," 3,199 "," 3,209 "," 5,335 "," 5,347 "," 8,779 "," 7,030 "," 6,998 "," 9,880 "," 7,421 "," 7,762 "," 7,043 "," 6,123 "," 5,884 "," 5,602 "," 6,274 "," 6,957 "
Madagascar, 26 , 33 , 61 , 43 , 40 , 54 , 60 , 72 , 53 , 77 , 71 , 80 , 83 , 79 , 95 , 86 , 72 , 88 , 60 
Malawi, 41 , 61 , 70 , 56 , 62 , 83 , 131 , 131 , 123 , 133 , 164 , 164 , 123 , 192 , 159 , 172 , 160 , 205 , 228 
Mauritius, 38 , 54 , 84 , 83 , 57 , 65 , 99 , 108 , 88 , 83 , 110 , 84 , 101 , 77 , 83 , 81 , 96 , 110 , 96 
Mozambique, 31 , 41 , 48 , 54 , 36 , 59 , 54 , 78 , 81 , 69 , 66 , 53 , 60 , 94 , 73 , 71 , 107 , 101 , 96 
Rwanda, 97 , 73 , 148 , 217 , 109 , 163 , 276 , 502 , 357 , 378 , 952 , 489 , 520 , 592 , 540 , 555 , 732 ," 1,357 "," 1,394 "
Seychelles, 10 , 18 , 18 , 20 , 16 , 25 , 16 , 15 , 7 , 16 , 10 , 8 , 15 , 7 , 6 , 7 , 11 , 16 , 10 
Somalia," 1,690 "," 2,393 "," 3,007 "," 4,535 "," 2,444 "," 3,929 "," 5,829 "," 9,462 "," 6,251 "," 10,745 "," 13,390 "," 4,558 "," 4,451 "," 5,204 "," 3,764 "," 5,190 "," 6,796 "," 6,958 "," 7,404 "
Tanzania, 313 , 480 , 476 , 577 , 554 , 747 , 829 , 949 , 832 , 838 ," 2,773 "," 1,850 "," 1,427 "," 1,516 ", 837 , 774 , 799 , 788 ," 1,415 "
Uganda, 250 , 418 , 457 , 575 , 455 , 721 , 858 ," 1,372 "," 1,122 "," 1,174 "," 1,364 "," 1,085 "," 1,239 "," 1,340 "," 1,350 "," 1,409 "," 1,664 "," 1,649 "," 1,898 "
Zambia, 143 , 211 , 295 , 308 , 280 , 359 , 499 , 672 , 576 , 613 , 704 , 628 , 652 , 643 , 505 , 441 , 460 , 487 , 537 
Zimbabwe, 184 , 322 , 475 , 484 , 358 , 628 , 923 ," 1,049 "," 1,057 ", 953 , 983 ," 1,274 "," 1,016 ", 914 , 924 , 797 , 779 , 815 , 810 
Middle Africa," 1,190 "," 1,317 "," 1,431 "," 2,044 "," 1,663 "," 2,353 "," 3,109 "," 5,757 "," 5,924 "," 6,492 "," 7,744 "," 7,422 "," 9,228 "," 9,694 "," 8,377 "," 9,451 "," 10,955 "," 13,046 "," 14,781 "
Angola, 57 , 87 , 94 , 92 , 59 , 107 , 188 , 272 , 199 , 221 , 173 , 148 , 148 , 187 , 143 , 148 , 154 , 198 , 209 
Cameroon, 824 , 860 , 791 , 984 , 927 ," 1,309 "," 1,458 "," 2,919 "," 3,392 "," 3,771 "," 3,463 "," 4,161 "," 4,754 "," 3,815 "," 3,908 "," 3,943 "," 4,374 "," 4,899 "," 4,668 "
Central African Republic, 3 , 4 , 11 , 13 , 6 , 17 , 24 , 51 , 52 , 88 , 107 , 101 , 134 , 116 , 213 , 155 , 234 , 202 , 178 
Chad, 24 , 23 , 44 , 47 , 8 , 23 , 31 , 73 , 74 , 96 , 102 , 120 , 171 , 155 , 111 , 119 , 175 , 136 , 205 
Democratic Republic of Congo, 87 , 123 , 145 , 178 , 110 , 155 , 260 , 738 ," 1,129 "," 1,261 "," 2,122 "," 1,764 "," 2,424 "," 3,731 "," 2,792 "," 4,347 "," 5,345 "," 6,791 "," 8,709 "
Equatorial Guinea, D , 5 , 3 , 8 , D , 13 , 10 , 13 , 4 , 16 , 32 , 12 , 13 , 20 , 18 , 15 , 25 , 18 , 20 
Gabon, 4 , 18 , 32 , 41 , 40 , 50 , 66 , 85 , 95 , 82 , 171 , 138 , 204 , 197 , 127 , 167 , 146 , 165 , 150 
Republic of Congo, 190 , 189 , 311 , 677 , 513 , 670 ," 1,064 "," 1,600 ", 972 , 950 ," 1,563 ", 968 ," 1,371 "," 1,461 "," 1,059 ", 552 , 496 , 625 , 632 
Sao Tome and Principe, 1 , 8 , D , 4 , D , 9 , 8 , 6 , 7 , 7 , 11 , 10 , 9 , 12 , 6 , 5 , 6 , 12 , 10 
Northern Africa," 9,832 "," 10,988 "," 13,303 "," 12,888 "," 9,620 "," 14,308 "," 19,380 "," 23,034 "," 18,349 "," 18,467 "," 20,065 "," 18,466 "," 16,966 "," 17,238 "," 17,696 "," 20,220 "," 22,529 "," 23,254 "," 21,192 "
Algeria, 789 , 906 , 875 ," 1,030 ", 759 , 805 ," 1,115 "," 1,300 "," 1,036 "," 1,037 "," 1,485 "," 1,305 "," 1,364 "," 1,369 "," 1,241 "," 1,669 "," 1,775 "," 2,180 "," 2,139 "
Egypt," 4,421 "," 4,450 "," 5,159 "," 4,852 "," 3,348 "," 5,522 "," 7,905 "," 10,500 "," 9,267 "," 8,712 "," 8,844 "," 8,978 "," 7,778 "," 8,988 "," 10,294 "," 11,477 "," 12,085 "," 12,045 "," 9,834 "
Libya, 156 , 180 , 223 , 158 , 140 , 185 , 223 , 271 , 186 , 285 , 296 , 355 , 357 , 315 , 376 , 524 , 734 , 642 , 780 
Morocco," 2,970 "," 3,614 "," 4,958 "," 3,387 "," 3,137 "," 4,128 "," 4,411 "," 4,949 "," 4,513 "," 4,425 "," 5,447 "," 5,013 "," 4,399 "," 3,656 "," 3,336 "," 3,605 "," 3,710 "," 4,586 "," 4,229 "
South Sudan,,,,,,,,, X , X , X , X , - , 17 , 59 , 74 , 127 , 124 , 160 
Sudan," 1,346 "," 1,531 "," 1,650 "," 2,921 "," 1,883 "," 3,211 "," 5,231 "," 5,504 "," 2,930 "," 3,598 "," 3,577 "," 2,397 "," 2,628 "," 2,471 "," 1,945 "," 2,442 "," 3,580 "," 3,159 "," 3,515 "
Tunisia, 150 , 307 , 438 , 540 , 353 , 457 , 495 , 510 , 417 , 410 , 416 , 418 , 440 , 422 , 445 , 429 , 518 , 518 , 535 
Southern Africa," 1,608 "," 2,888 "," 4,192 "," 3,962 "," 2,305 "," 3,473 "," 4,681 "," 3,339 "," 3,121 "," 2,844 "," 3,335 "," 2,929 "," 2,812 "," 2,961 "," 2,774 "," 2,814 "," 3,096 "," 3,227 "," 3,197 "
Botswana, 5 , 13 , 24 , 30 , 27 , 34 , 54 , 53 , 49 , 41 , 55 , 66 , 76 , 80 , 53 , 58 , 61 , 78 , 112 
Lesotho, 5 , 9 , 6 , 13 , 5 , 14 , 12 , 18 , 14 , 16 , 14 , 23 , 25 , 17 , 20 , 13 , 23 , 19 , 24 
Namibia, 13 , 30 , 54 , 46 , 40 , 40 , 63 , 56 , 57 , 46 , 53 , 60 , 43 , 59 , 57 , 44 , 86 , 87 , 130 
South Africa," 1,577 "," 2,824 "," 4,090 "," 3,861 "," 2,210 "," 3,370 "," 4,536 "," 3,201 "," 2,988 "," 2,723 "," 3,171 "," 2,758 "," 2,649 "," 2,781 "," 2,629 "," 2,676 "," 2,907 "," 3,023 "," 2,912 "
Swaziland, 8 , 12 , 18 , 12 , 23 , 15 , 16 , 11 , 13 , 18 , 42 , 22 , 19 , 24 , 15 , 23 , 19 , 20 , 19 
Western Africa," 15,103 "," 18,558 "," 21,424 "," 22,774 "," 20,144 "," 25,012 "," 31,391 "," 43,991 "," 35,584 "," 41,549 "," 46,479 "," 38,040 "," 37,367 "," 41,806 "," 39,410 "," 35,684 "," 33,214 "," 38,851 "," 40,343 "
Benin, 59 , 62 , 75 , 137 , 76 , 185 , 193 , 275 , 258 , 317 , 401 , 486 , 462 , 415 , 342 , 517 , 466 , 577 , 648 
Burkina Faso, 17 , 48 , 68 , 64 , 60 , 103 , 128 , 221 , 238 , 238 , 416 , 377 , 433 , 558 , 585 , 583 , 575 , 642 , 541 
Cabo Verde, 902 ," 1,079 ", 868 , 871 , 745 ," 1,015 "," 1,225 "," 1,780 "," 2,048 "," 1,916 "," 2,238 "," 1,668 "," 1,808 "," 1,684 "," 1,673 "," 1,154 "," 1,253 "," 2,242 "," 2,618 "
Cote d'Ivoire, 303 , 439 , 596 , 629 , 483 , 666 , 930 ," 2,067 "," 1,193 "," 1,645 "," 2,159 "," 1,621 "," 1,302 "," 1,760 "," 1,486 "," 1,477 "," 1,497 "," 1,617 "," 1,810 "
Gambia, 183 , 231 , 390 , 343 , 263 , 422 , 581 , 897 , 826 , 739 , 978 , 859 , 972 ," 1,159 "," 1,018 "," 1,111 "," 1,142 "," 1,247 "," 1,134 "
Ghana," 3,707 "," 4,339 "," 4,023 "," 4,248 "," 4,410 "," 5,337 "," 6,491 "," 9,367 "," 7,610 "," 8,195 "," 8,401 "," 7,429 "," 8,798 "," 10,592 "," 10,265 "," 7,115 "," 6,186 "," 6,949 "," 8,455 "
Guinea, 5 , 3 , 11 , 16 , 29 , 347 , 495 ," 1,110 "," 1,088 "," 1,735 "," 1,725 "," 1,379 "," 1,555 "," 1,656 "," 1,518 "," 1,375 "," 1,389 "," 1,501 "," 1,348 "
Guinea-Bissau, 134 , 204 , 273 , 289 , 176 , 5 , 26 , 25 , 25 , 17 , 20 , 30 , 29 , 47 , 43 , 30 , 39 , 37 , 48 
Liberia," 1,351 "," 1,570 "," 2,273 "," 2,869 "," 1,766 "," 2,757 "," 4,880 "," 6,887 "," 4,102 "," 7,193 "," 7,641 "," 4,837 "," 4,151 "," 4,109 "," 3,334 "," 3,874 "," 3,795 "," 3,619 "," 4,155 "
Mali, 72 , 109 , 119 , 105 , 124 , 163 , 277 , 408 , 412 , 523 , 576 , 528 , 629 , 734 , 667 , 604 , 587 , 598 , 544 
Mauritania, 24 , 88 , 117 , 124 , 131 , 170 , 275 , 720 , 651 , 844 , 597 , 495 , 393 , 410 , 354 , 320 , 298 , 317 , 287 
Niger, 12 , 30 ," 1,330 "," 1,263 ", 808 , 62 , 126 , 116 , 97 , 107 , 183 , 96 , 96 , 48 , 37 , 71 , 55 , 119 , 116 
Nigeria," 6,742 "," 7,831 "," 8,253 "," 8,105 "," 7,872 "," 9,374 "," 10,597 "," 13,459 "," 12,448 "," 12,475 "," 15,253 "," 13,376 "," 11,824 "," 13,575 "," 13,840 "," 12,828 "," 11,542 "," 14,380 "," 13,539 "
Senegal, 368 , 554 , 663 , 530 , 522 , 769 , 913 ," 1,367 "," 1,024 "," 1,149 "," 1,524 "," 1,285 "," 1,424 "," 1,615 "," 1,340 "," 1,273 "," 1,244 "," 1,533 "," 1,470 "
Sierra Leone, 970 ," 1,585 "," 1,878 "," 2,246 "," 1,492 "," 1,596 "," 2,731 "," 3,572 "," 1,999 "," 2,795 "," 2,687 "," 2,011 "," 1,985 "," 1,688 "," 1,651 "," 1,740 "," 1,599 "," 1,535 "," 2,058 "
Togo, 254 , 386 , 487 , 935 ," 1,187 "," 2,041 "," 1,523 "," 1,720 "," 1,565 "," 1,661 "," 1,680 "," 1,563 "," 1,506 "," 1,756 "," 1,257 "," 1,612 "," 1,547 "," 1,938 "," 1,572 "
Other Africa,,,,,,,,,, 5 , 4 , -   , -   , 3 , 3 , 3 , 3 , 1 , -   
Americas," 312,160 "," 394,779 "," 474,112 "," 477,092 "," 304,990 "," 414,523 "," 448,689 "," 552,056 "," 445,806 "," 491,745 "," 478,040 "," 423,731 "," 419,998 "," 407,172 "," 396,605 "," 398,069 "," 438,435 "," 506,901 "," 492,726 "
Caribbean," 71,350 "," 86,055 "," 102,830 "," 96,026 "," 68,549 "," 89,042 "," 108,470 "," 146,606 "," 118,950 "," 136,948 "," 145,959 "," 139,877 "," 133,608 "," 127,391 "," 122,313 "," 133,843 "," 146,640 "," 182,049 "," 174,514 "
Anguilla, 20 , 25 , 55 , 20 , 26 , 22 , 35 , 32 , 25 , 22 , 21 , 19 , 25 , 23 , 22 , 20 , 22 , 20 , 23 
Antigua and Barbuda, 454 , 429 , 461 , 380 , 301 , 414 , 440 , 570 , 415 , 444 , 437 , 359 , 368 , 337 , 344 , 369 , 290 , 324 , 322 
Aruba, 14 , 25 , 29 , 32 , 27 , 31 , 42 , 51 , 55 , 36 , 38 , 49 , 39 , 54 , 45 , 40 , 38 , 23 , 47 
Bahamas, 398 , 766 , 924 , 808 , 423 , 586 , 698 , 847 , 738 , 682 , 751 , 652 , 668 , 619 , 630 , 654 , 725 , 656 , 725 
Barbados, 715 , 777 , 895 , 813 , 516 , 630 , 846 , 959 , 689 , 585 , 603 , 465 , 455 , 460 , 428 , 384 , 376 , 371 , 373 
British Virgin Islands, 76 , 67 , 70 , 43 , 43 , 35 , 41 , 47 , 40 , 53 , 46 , 46 , 37 , 39 , 45 , 56 , 38 , 40 , 25 
Cayman Islands, 18 , 31 , 23 , 24 , 35 , 38 , 37 , 65 , 40 , 37 , 45 , 52 , 41 , 44 , 44 , 48 , 53 , 55 , 67 
Cuba," 14,019 "," 18,960 "," 27,453 "," 28,182 "," 9,262 "," 20,488 "," 36,261 "," 45,614 "," 29,104 "," 49,500 "," 38,954 "," 33,573 "," 36,452 "," 32,820 "," 32,219 "," 46,679 "," 54,396 "," 66,516 "," 65,028 "
Curacao, X , X , X , X , X , X , X , X , X , X , X , X , - , - , - , 27 , 22 , 35 , 34 
Dominica, 40 , 95 , 93 , 148 , 204 , 132 , 198 , 471 , 428 , 454 , 484 , 366 , 287 , 125 , 244 , 345 , 229 , 298 , 510 
Dominican Republic," 17,811 "," 17,465 "," 21,195 "," 22,515 "," 26,159 "," 30,506 "," 27,503 "," 38,068 "," 28,024 "," 31,879 "," 49,414 "," 53,870 "," 46,109 "," 41,566 "," 41,311 "," 44,577 "," 50,610 "," 61,161 "," 58,520 "
Grenada, 661 , 655 , 645 , 634 , 481 , 609 , 840 ," 1,068 ", 751 , 784 , 748 , 664 , 579 , 671 , 687 , 633 , 525 , 585 , 544 
Guadeloupe, 54 , 51 , 84 , 38 , 35 , 59 , 48 , 53 , D , D , D , D , D , D , D , D , D , D , D 
Haiti," 16,514 "," 22,337 "," 27,031 "," 20,213 "," 12,293 "," 14,191 "," 14,524 "," 22,226 "," 30,405 "," 26,007 "," 24,280 "," 22,582 "," 22,111 "," 22,818 "," 20,351 "," 15,274 "," 16,967 "," 23,584 "," 21,824 "
Jamaica," 14,693 "," 15,949 "," 15,322 "," 14,835 "," 13,347 "," 14,430 "," 18,345 "," 24,976 "," 19,375 "," 18,477 "," 21,783 "," 19,825 "," 19,662 "," 20,705 "," 19,400 "," 19,026 "," 17,642 "," 23,350 "," 21,905 "
Martinique, 23 , 20 , 22 , 19 , 14 , 26 , 37 , 30 , D , D , D , D , D , D , D , D , D , D , D 
Montserrat, 80 , 70 , 61 , 42 , 36 , 33 , 50 , 90 , 66 , 61 , 43 , 27 , 30 , 27 , - , 38 , 14 , 14 , 12 
Netherlands Antilles, 35 , 53 , 114 , 97 , 59 , 72 , 116 , 100 , 93 , 78 , 97 , 77 , 86 , 106 , 128 , 45 , 22 , 18 , 9 
Saint Kitts and Nevis, 463 , 500 , 463 , 342 , 310 , 299 , 342 , 458 , 347 , 363 , 310 , 339 , 350 , 311 , 259 , 263 , 222 , 250 , 238 
Saint Lucia, 529 , 599 , 674 , 583 , 488 , 616 , 832 ," 1,212 ", 928 , 946 ," 1,027 ", 872 , 785 , 919 , 853 , 844 , 739 , 777 , 777 
Saint Vincent and the Grenadines, 442 , 497 , 559 , 480 , 322 , 400 , 625 , 756 , 567 , 568 , 591 , 576 , 468 , 503 , 529 , 448 , 415 , 422 , 361 
Sint Maarten, X , X , X , X , X , X , X , X , X , X , X , X , - , - , - , 45 , 45 , 42 , 35 
Trinidad and Tobago," 4,259 "," 6,635 "," 6,618 "," 5,738 "," 4,138 "," 5,384 "," 6,568 "," 8,854 "," 6,829 "," 5,937 "," 6,256 "," 5,435 "," 5,023 "," 5,214 "," 4,724 "," 3,988 "," 3,212 "," 3,469 "," 3,100 "
Turks and Caicos Islands, 27 , 46 , 33 , 31 , 26 , 28 , 34 , 52 , 31 , 35 , 31 , 29 , 33 , 30 , 50 , 40 , 38 , 39 , 35 
U.S. Virgin Islands, 5 , 3 , 6 , 9 , 4 , 13 , 8 , 7 ,,,,,,,,,,,
Central America," 190,492 "," 236,738 "," 280,886 "," 287,391 "," 169,939 "," 237,698 "," 214,908 "," 248,765 "," 204,566 "," 240,829 "," 212,788 "," 183,071 "," 187,153 "," 187,081 "," 179,752 "," 178,455 "," 206,330 "," 231,877 "," 227,166 "
Belize, 572 , 757 , 936 , 966 , 588 , 871 , 876 ," 1,252 "," 1,073 "," 1,077 "," 1,041 ", 965 , 905 , 847 , 946 , 789 , 772 , 851 , 746 
Costa Rica, 883 ," 1,310 "," 1,733 "," 1,591 "," 1,246 "," 1,755 "," 2,278 "," 3,109 "," 2,540 "," 2,090 "," 2,384 "," 2,164 "," 2,135 "," 2,020 "," 2,114 "," 1,966 "," 2,029 "," 2,224 "," 2,184 "
El Salvador," 14,581 "," 22,543 "," 31,089 "," 31,060 "," 28,231 "," 29,807 "," 21,359 "," 31,782 "," 21,127 "," 19,659 "," 19,909 "," 18,806 "," 18,667 "," 16,256 "," 18,260 "," 19,273 "," 19,487 "," 23,449 "," 25,109 "
Guatemala," 7,294 "," 9,942 "," 13,496 "," 16,178 "," 14,386 "," 18,920 "," 16,818 "," 24,133 "," 17,908 "," 16,182 "," 12,187 "," 10,467 "," 11,092 "," 10,341 "," 10,224 "," 10,238 "," 11,773 "," 13,002 "," 13,198 "
Honduras," 4,793 "," 5,917 "," 6,571 "," 6,435 "," 4,645 "," 5,508 "," 7,012 "," 8,177 "," 7,646 "," 6,540 "," 6,404 "," 6,448 "," 6,133 "," 6,884 "," 8,898 "," 8,156 "," 9,274 "," 13,302 "," 11,387 "
Mexico," 147,402 "," 173,493 "," 205,560 "," 218,822 "," 115,585 "," 175,411 "," 161,445 "," 173,749 "," 148,640 "," 189,989 "," 164,920 "," 139,120 "," 143,446 "," 146,406 "," 135,028 "," 134,052 "," 158,619 "," 174,534 "," 170,581 "
Nicaragua," 13,327 "," 20,947 "," 19,634 "," 10,659 "," 4,094 "," 4,009 "," 3,305 "," 4,145 "," 3,716 "," 3,614 "," 4,137 "," 3,565 "," 3,401 "," 3,046 "," 3,048 "," 2,886 "," 3,324 "," 3,486 "," 3,072 "
Panama," 1,640 "," 1,829 "," 1,867 "," 1,680 "," 1,164 "," 1,417 "," 1,815 "," 2,418 "," 1,916 "," 1,678 "," 1,806 "," 1,536 "," 1,374 "," 1,281 "," 1,234 "," 1,095 "," 1,052 "," 1,029 ", 889 
Northern America," 8,874 "," 16,163 "," 21,913 "," 19,524 "," 11,474 "," 15,726 "," 22,177 "," 18,700 "," 15,774 "," 15,417 "," 16,429 "," 13,601 "," 13,140 "," 13,296 "," 13,588 "," 12,050 "," 13,155 "," 13,360 "," 11,961 "
Bermuda, 63 , 71 , 98 , 108 , 92 , 100 , 116 , 160 , 108 , 92 , 108 , 72 , 71 , 85 , 88 , 106 , 112 , 99 , 68 
Canada," 8,782 "," 16,057 "," 21,752 "," 19,352 "," 11,350 "," 15,569 "," 21,878 "," 18,207 "," 15,495 "," 15,109 "," 16,140 "," 13,328 "," 12,800 "," 12,932 "," 13,181 "," 11,586 "," 12,673 "," 12,793 "," 11,484 "
United States, 29 , 35 , 63 , 64 , 32 , 57 , 183 , 333 , 171 , 216 , 181 , 201 , 269 , 279 , 319 , 358 , 370 , 468 , 409 
South America," 41,444 "," 55,823 "," 68,483 "," 74,151 "," 55,028 "," 72,057 "," 103,134 "," 137,985 "," 106,516 "," 98,548 "," 102,858 "," 87,177 "," 86,095 "," 79,401 "," 80,945 "," 73,715 "," 72,308 "," 79,608 "," 79,076 "
Argentina," 1,387 "," 2,317 "," 3,297 "," 3,661 "," 3,129 "," 4,805 "," 7,081 "," 7,327 "," 5,645 "," 5,353 "," 5,780 "," 4,399 "," 4,473 "," 4,359 "," 4,372 "," 3,874 "," 3,730 "," 4,091 "," 3,482 "
Bolivia," 1,444 "," 1,761 "," 1,819 "," 1,664 "," 1,376 "," 1,768 "," 2,197 "," 4,025 "," 2,590 "," 2,436 "," 2,837 "," 2,253 "," 2,173 "," 1,948 "," 2,071 "," 1,719 "," 1,626 "," 1,595 "," 1,510 "
Brazil," 3,887 "," 6,943 "," 9,448 "," 9,439 "," 6,331 "," 10,556 "," 16,662 "," 17,903 "," 14,295 "," 12,195 "," 14,701 "," 12,258 "," 11,763 "," 11,441 "," 11,033 "," 10,429 "," 11,424 "," 13,812 "," 14,989 "
Chile," 1,085 "," 1,700 "," 1,921 "," 1,839 "," 1,310 "," 1,810 "," 2,404 "," 2,774 "," 2,274 "," 2,017 "," 2,250 "," 1,950 "," 1,853 "," 1,673 "," 1,736 "," 1,581 "," 1,596 "," 1,698 "," 1,625 "
Colombia," 9,928 "," 14,427 "," 16,627 "," 18,758 "," 14,720 "," 18,846 "," 25,566 "," 43,144 "," 33,187 "," 30,213 "," 27,849 "," 22,406 "," 22,635 "," 20,931 "," 21,131 "," 18,175 "," 17,316 "," 18,610 "," 17,956 "
Ecuador," 8,882 "," 7,651 "," 9,665 "," 10,561 "," 7,066 "," 8,626 "," 11,608 "," 17,489 "," 12,248 "," 11,663 "," 12,128 "," 11,492 "," 11,103 "," 9,342 "," 10,591 "," 10,960 "," 10,187 "," 10,757 "," 10,594 "
French Guiana, 5 , 13 , 8 , 6 , 4 , D , 8 , 15 , D , D , D , D , D , D , D , D , D , D , D 
Guyana," 3,290 "," 5,719 "," 8,279 "," 9,938 "," 6,809 "," 6,351 "," 9,317 "," 9,552 "," 5,726 "," 6,823 "," 6,670 "," 6,749 "," 6,599 "," 5,683 "," 5,897 "," 6,267 "," 5,543 "," 5,771 "," 5,468 "
Paraguay, 216 , 338 , 401 , 356 , 207 , 328 , 516 , 719 , 545 , 481 , 530 , 467 , 500 , 467 , 448 , 391 , 382 , 434 , 391 
Peru," 8,414 "," 9,579 "," 11,062 "," 11,918 "," 9,409 "," 11,794 "," 15,676 "," 21,718 "," 17,699 "," 15,184 "," 16,957 "," 14,247 "," 14,064 "," 12,609 "," 12,564 "," 10,606 "," 10,148 "," 10,940 "," 10,115 "
Suriname, 141 , 256 , 245 , 247 , 180 , 166 , 300 , 314 , 197 , 218 , 227 , 216 , 196 , 187 , 178 , 158 , 134 , 156 , 136 
Uruguay, 267 , 426 , 541 , 536 , 469 , 787 ," 1,154 "," 1,664 "," 1,418 "," 1,451 "," 1,775 "," 1,331 "," 1,553 "," 1,374 "," 1,352 "," 1,128 "," 1,078 ", 972 ," 1,001 "
Venezuela," 2,498 "," 4,693 "," 5,170 "," 5,228 "," 4,018 "," 6,220 "," 10,645 "," 11,341 "," 10,692 "," 10,514 "," 11,154 "," 9,409 "," 9,183 "," 9,387 "," 9,572 "," 8,427 "," 9,144 "," 10,772 "," 11,809 "
Other Americas,,,,,,,,,, 3 , 6 , 5 , 2 , 3 , 7 , 6 , 2 , 7 , 9 
Asia," 203,518 "," 270,956 "," 357,160 "," 349,723 "," 250,448 "," 342,930 "," 411,722 "," 440,333 "," 397,834 "," 399,027 "," 413,312 "," 422,063 "," 451,593 "," 429,599 "," 400,548 "," 430,508 "," 419,297 "," 462,299 "," 424,743 "
Eastern Asia," 61,101 "," 83,097 "," 107,239 "," 106,323 "," 69,809 "," 96,334 "," 118,620 "," 131,986 "," 119,033 "," 127,068 "," 109,532 "," 109,290 "," 125,401 "," 116,986 "," 109,383 "," 109,930 "," 104,862 "," 117,316 "," 103,469 "
China (excluding Hong Kong)," 32,159 "," 45,585 "," 56,267 "," 61,082 "," 40,568 "," 55,494 "," 69,933 "," 87,307 "," 76,655 "," 80,271 "," 64,238 "," 70,863 "," 87,016 "," 81,784 "," 71,798 "," 76,089 "," 74,558 "," 81,772 "," 71,565 "
Hong Kong," 4,910 "," 5,407 "," 8,300 "," 6,075 "," 3,574 "," 3,951 "," 3,705 "," 3,256 "," 3,527 "," 3,373 "," 2,651 "," 2,432 "," 2,306 "," 2,104 "," 2,226 "," 2,278 "," 2,085 "," 2,510 "," 2,415 "
Japan," 4,202 "," 7,049 "," 9,578 "," 8,248 "," 5,971 "," 7,697 "," 8,768 "," 8,265 "," 6,748 "," 6,821 "," 7,690 "," 6,264 "," 6,161 "," 6,061 "," 5,925 "," 5,545 "," 5,395 "," 5,207 "," 4,635 "
Macau, 294 , 270 , 340 , 284 , 244 , 192 , 133 , 189 , 178 , 205 , 158 , 143 , 130 , 120 , 106 , 105 , 99 , 109 , 109 
Mongolia, 41 , 46 , 102 , 135 , 153 , 229 , 323 , 497 , 530 , 659 , 831 , 594 , 774 , 691 , 729 , 651 , 644 , 750 , 661 
North Korea,,,,,,,,, -   , -   , 67 , 35 , 36 , 49 , 48 , 142 , 55 , 47 , 32 
Taiwan," 6,700 "," 9,019 "," 12,120 "," 9,775 "," 6,917 "," 9,005 "," 9,196 "," 8,086 "," 8,990 "," 9,073 "," 8,038 "," 6,732 "," 6,154 "," 5,331 "," 5,385 "," 4,697 "," 4,888 "," 5,120 "," 4,858 "
South Korea," 12,795 "," 15,721 "," 20,532 "," 20,724 "," 12,382 "," 19,766 "," 26,562 "," 24,386 "," 22,405 "," 26,666 "," 25,859 "," 22,227 "," 22,824 "," 20,846 "," 23,166 "," 20,423 "," 17,138 "," 21,801 "," 19,194 "
South-central Asia," 61,391 "," 78,608 "," 112,872 "," 112,787 "," 79,874 "," 111,826 "," 140,938 "," 124,157 "," 115,751 "," 126,701 "," 132,509 "," 140,785 "," 147,570 "," 141,129 "," 139,754 "," 162,634 "," 144,996 "," 154,870 "," 149,096 "
Afghanistan, 877 ," 1,011 "," 1,202 "," 1,759 "," 1,252 "," 2,137 "," 4,749 "," 3,417 "," 1,753 "," 2,813 "," 3,165 "," 2,017 "," 1,648 "," 1,617 "," 2,196 "," 10,527 "," 8,328 "," 12,513 "," 19,538 "
Bangladesh," 6,038 "," 7,204 "," 7,152 "," 5,483 "," 4,616 "," 8,061 "," 11,487 "," 14,644 "," 12,074 "," 11,753 "," 16,651 "," 14,819 "," 16,707 "," 14,705 "," 12,099 "," 14,645 "," 13,570 "," 18,723 "," 14,693 "
Bhutan, 4 , D , 5 , 14 , 15 , 17 , 30 , 78 , 52 , 42 , 594 ," 6,109 "," 10,137 "," 10,198 "," 8,954 "," 7,298 "," 6,325 "," 4,217 "," 2,940 "
India," 30,157 "," 41,903 "," 70,032 "," 70,823 "," 50,228 "," 70,151 "," 84,680 "," 61,369 "," 65,353 "," 63,352 "," 57,304 "," 69,162 "," 69,013 "," 66,434 "," 68,458 "," 77,908 "," 64,116 "," 64,687 "," 60,394 "
Iran," 7,176 "," 8,487 "," 10,425 "," 12,960 "," 7,230 "," 10,434 "," 13,887 "," 13,947 "," 10,460 "," 13,852 "," 18,553 "," 14,182 "," 14,822 "," 12,916 "," 12,863 "," 11,615 "," 13,114 "," 13,298 "," 13,791 "
Kazakhstan, 723 ," 1,493 "," 2,310 "," 2,315 "," 1,740 "," 1,906 "," 2,223 "," 2,073 "," 1,604 "," 1,630 "," 1,562 "," 1,282 "," 1,235 "," 1,202 "," 1,241 "," 1,221 "," 1,201 "," 1,310 "," 1,377 "
Kyrgyzstan, 189 , 388 , 582 , 473 , 356 , 439 , 656 , 785 , 597 , 632 , 574 , 507 , 542 , 648 , 652 , 707 , 790 , 847 , 715 
Maldives, -   , D , 9 , 9 , 15 , 7 , 6 , D , 9 , D , 6 , 5 , 3 , 3 , 5 , 13 , 8 , 11 , 5 
Nepal, 453 , 616 , 945 ," 1,137 "," 2,095 "," 2,878 "," 3,158 "," 3,733 "," 3,472 "," 4,093 "," 4,514 "," 7,115 "," 10,166 "," 11,312 "," 13,046 "," 12,357 "," 12,926 "," 12,851 "," 11,610 "
Pakistan," 13,485 "," 14,504 "," 16,393 "," 13,694 "," 9,415 "," 12,086 "," 14,926 "," 17,418 "," 13,492 "," 19,719 "," 21,555 "," 18,258 "," 15,546 "," 14,740 "," 13,251 "," 18,612 "," 18,057 "," 19,313 "," 17,408 "
Sri Lanka, 899 ," 1,118 "," 1,505 "," 1,529 "," 1,246 "," 1,431 "," 1,894 "," 2,191 "," 1,831 "," 1,935 "," 2,009 "," 2,036 "," 2,053 "," 1,994 "," 1,847 "," 1,767 "," 1,763 "," 1,913 "," 1,627 "
Tajikistan, 104 , 156 , 187 , 181 , 137 , 167 , 207 , 239 , 172 , 231 , 265 , 299 , 382 , 411 , 550 , 516 , 595 , 593 , 652 
Turkmenistan, 65 , 97 , 94 , 93 , 84 , 117 , 148 , 248 , 217 , 274 , 290 , 224 , 260 , 223 , 210 , 254 , 226 , 235 , 251 
Uzbekistan," 1,221 "," 1,631 "," 2,031 "," 2,317 "," 1,445 "," 1,995 "," 2,887 "," 4,015 "," 4,665 "," 6,375 "," 5,467 "," 4,770 "," 5,056 "," 4,726 "," 4,382 "," 5,194 "," 3,977 "," 4,359 "," 4,095 "
South-eastern Asia ," 59,632 "," 81,348 "," 103,907 "," 99,751 "," 78,422 "," 105,161 "," 114,203 "," 138,444 "," 126,871 "," 107,969 "," 125,338 "," 120,840 "," 127,193 "," 121,834 "," 111,306 "," 106,527 "," 116,040 "," 125,225 "," 118,192 "
Brunei, 16 , 16 , 27 , 28 , 20 , 22 , 49 , 25 , 32 , 18 , 26 , 20 , 25 , 19 , 21 , 25 , 21 , 31 , 24 
Burma," 1,200 "," 1,201 "," 1,373 "," 1,356 "," 1,193 "," 1,379 "," 2,095 "," 4,562 "," 3,130 "," 3,403 "," 13,621 "," 12,925 "," 16,518 "," 17,383 "," 12,565 "," 11,144 "," 12,808 "," 13,065 "," 12,897 "
Cambodia," 1,394 "," 2,138 "," 2,462 "," 2,800 "," 2,263 "," 3,553 "," 4,022 "," 5,773 "," 4,246 "," 3,713 "," 3,771 "," 2,986 "," 2,745 "," 2,473 "," 2,624 "," 2,536 "," 1,868 "," 3,173 "," 4,056 "
Indonesia," 1,186 "," 1,767 "," 2,525 "," 2,418 "," 1,805 "," 2,419 "," 3,924 "," 4,868 "," 3,716 "," 3,606 "," 3,679 "," 3,032 "," 2,856 "," 2,603 "," 2,731 "," 2,139 "," 2,084 "," 2,129 "," 1,914 "
Laos, 846 ," 1,358 "," 1,398 "," 1,245 ", 896 ," 1,147 "," 1,242 "," 2,892 "," 2,575 "," 2,198 "," 1,688 "," 1,200 ", 956 , 949 , 923 , 806 , 917 , 856 , 685 
Malaysia, 991 ," 1,551 "," 2,439 "," 2,124 "," 1,200 "," 1,987 "," 2,632 "," 2,281 "," 2,149 "," 1,945 "," 2,014 "," 1,714 "," 2,273 "," 2,605 "," 2,477 "," 2,622 "," 2,749 "," 3,382 "," 4,109 "
Philippines," 30,943 "," 42,343 "," 52,919 "," 51,040 "," 45,250 "," 57,846 "," 60,746 "," 74,606 "," 72,596 "," 54,030 "," 60,029 "," 58,173 "," 57,011 "," 57,327 "," 54,446 "," 49,996 "," 56,478 "," 53,287 "," 49,147 "
Singapore, 355 , 668 ," 1,100 "," 1,033 ", 582 , 966 ," 1,204 ", 997 , 985 , 922 , 832 , 774 , 690 , 712 , 835 , 779 , 781 , 812 , 818 
Thailand," 2,366 "," 3,753 "," 4,245 "," 4,144 "," 3,126 "," 4,318 "," 5,505 "," 11,749 "," 8,751 "," 6,637 "," 10,444 "," 9,384 "," 9,962 "," 9,459 "," 7,583 "," 6,197 "," 7,502 "," 7,039 "," 6,311 "
Vietnam," 20,335 "," 26,553 "," 35,419 "," 33,563 "," 22,087 "," 31,524 "," 32,784 "," 30,691 "," 28,691 "," 31,497 "," 29,234 "," 30,632 "," 34,157 "," 28,304 "," 27,101 "," 30,283 "," 30,832 "," 41,451 "," 38,231 "
Western Asia," 21,394 "," 27,903 "," 33,142 "," 30,862 "," 22,343 "," 29,609 "," 37,961 "," 45,746 "," 36,179 "," 37,285 "," 45,932 "," 51,148 "," 51,429 "," 49,648 "," 40,103 "," 51,416 "," 53,396 "," 64,887 "," 53,985 "
Armenia," 1,250 "," 1,253 "," 1,762 "," 1,800 "," 1,287 "," 1,833 "," 2,591 "," 6,317 "," 4,351 "," 3,586 "," 3,442 "," 2,979 "," 2,983 "," 2,681 "," 2,722 "," 2,913 "," 2,962 "," 3,543 "," 3,437 "
Azerbaijan, 738 ," 1,036 "," 1,152 "," 1,164 ", 746 , 969 ," 1,523 "," 2,371 "," 1,166 "," 1,071 ", 834 , 781 , 728 , 663 , 637 , 672 , 676 , 784 , 881 
Bahrain, 70 , 106 , 118 , 85 , 59 , 116 , 140 , 148 , 133 , 96 , 120 , 104 , 119 , 104 , 115 , 122 , 145 , 138 , 130 
Cyprus, 106 , 160 , 216 , 158 , 123 , 143 , 196 , 180 , 137 , 141 , 142 , 122 , 101 , 107 , 126 , 129 , 113 , 131 , 117 
Georgia, 310 , 493 , 786 , 886 , 735 , 964 ," 1,389 "," 2,003 "," 1,554 "," 1,620 "," 1,578 "," 1,518 "," 1,490 "," 1,341 "," 1,368 "," 1,240 "," 1,410 "," 1,635 "," 1,629 "
Iraq," 3,360 "," 5,087 "," 4,965 "," 5,174 "," 2,450 "," 3,494 "," 4,077 "," 4,337 "," 3,765 "," 4,795 "," 12,110 "," 19,855 "," 21,133 "," 20,369 "," 9,552 "," 19,153 "," 21,107 "," 18,904 "," 14,203 "
Israel," 1,847 "," 2,783 "," 3,744 "," 3,826 "," 2,741 "," 4,160 "," 5,755 "," 5,943 "," 4,496 "," 5,851 "," 5,612 "," 4,515 "," 3,826 "," 4,153 "," 3,996 "," 3,805 "," 3,965 "," 4,142 "," 3,802 "
Jordan," 3,269 "," 3,900 "," 4,572 "," 3,964 "," 2,927 "," 3,431 "," 3,748 "," 4,038 "," 3,917 "," 3,936 "," 4,282 "," 3,868 "," 3,876 "," 4,099 "," 4,188 "," 5,187 "," 4,664 "," 5,269 "," 5,264 "
Kuwait, 801 ," 1,015 "," 1,258 "," 1,056 ", 707 ," 1,091 "," 1,152 "," 1,230 "," 1,017 "," 1,104 "," 1,124 "," 1,037 ", 973 ," 1,044 ", 937 ," 1,057 "," 1,055 "," 1,186 "," 1,177 "
Lebanon," 3,033 "," 3,662 "," 4,579 "," 3,935 "," 2,956 "," 3,818 "," 4,282 "," 4,083 "," 4,267 "," 4,254 "," 3,831 "," 3,487 "," 3,295 "," 2,879 "," 2,783 "," 3,245 "," 2,813 "," 2,971 "," 2,818 "
Oman, 40 , 51 , 55 , 61 , 76 , 122 , 101 , 155 , 103 , 70 , 74 , 63 , 60 , 74 , 73 , 90 , 85 , 116 , 104 
Qatar, 78 , 97 , 125 , 108 , 72 , 125 , 174 , 226 , 138 , 151 , 134 , 148 , 193 , 141 , 191 , 202 , 229 , 272 , 224 
Saudi Arabia, 759 ," 1,063 "," 1,178 "," 1,014 ", 735 , 906 ," 1,210 "," 1,542 "," 1,171 "," 1,194 "," 1,418 "," 1,263 "," 1,396 "," 1,343 "," 1,463 "," 1,696 "," 1,744 "," 2,117 "," 2,135 "
Syria," 2,048 "," 2,367 "," 3,350 "," 2,557 "," 1,938 "," 2,256 "," 2,831 "," 2,918 "," 2,385 "," 2,641 "," 2,442 "," 2,555 "," 2,785 "," 3,014 "," 3,366 "," 3,540 "," 3,840 "," 4,800 "," 5,877 "
Turkey," 2,215 "," 2,606 "," 3,215 "," 3,375 "," 3,029 "," 3,835 "," 4,614 "," 4,941 "," 4,425 "," 4,210 "," 4,958 "," 4,483 "," 4,403 "," 4,162 "," 4,144 "," 3,834 "," 4,201 "," 4,469 "," 4,844 "
United Arab Emirates, 310 , 435 , 460 , 472 , 380 , 586 , 812 ," 1,006 ", 758 , 693 , 697 , 779 , 707 , 854 , 910 ," 1,039 "," 1,193 "," 1,370 "," 1,314 "
Yemen," 1,160 "," 1,789 "," 1,607 "," 1,227 "," 1,382 "," 1,760 "," 3,366 "," 4,308 "," 2,396 "," 1,872 "," 3,134 "," 3,591 "," 3,361 "," 2,620 "," 3,532 "," 3,492 "," 3,194 "," 13,040 "," 6,029 "
Other Asia,,,,,,,,,, 4 , 1 , -   , -   , 2 , 2 , 1 , 3 , 1 , 1 
Europe," 87,709 "," 124,438 "," 165,496 "," 164,285 "," 93,895 "," 124,785 "," 164,880 "," 146,179 "," 106,559 "," 103,782 "," 105,476 "," 88,801 "," 83,850 "," 81,671 "," 86,556 "," 83,266 "," 85,803 "," 93,567 "," 84,335 "
Eastern Europe," 49,789 "," 63,486 "," 74,942 "," 73,759 "," 50,144 "," 62,609 "," 82,589 "," 76,267 "," 52,582 "," 50,973 "," 49,902 "," 40,908 "," 39,958 "," 37,493 "," 39,021 "," 36,375 "," 35,851 "," 39,887 "," 36,367 "
Belarus," 1,320 "," 2,170 "," 2,901 "," 2,923 "," 1,858 "," 2,255 "," 3,503 "," 3,086 "," 2,328 "," 2,390 "," 2,407 "," 2,038 "," 1,964 "," 1,659 "," 1,970 "," 2,015 "," 1,994 "," 2,127 "," 1,919 "
Bulgaria," 4,171 "," 4,917 "," 4,400 "," 3,608 "," 3,825 "," 4,253 "," 5,635 "," 4,828 "," 3,981 "," 2,960 "," 3,133 "," 2,570 "," 2,661 "," 2,440 "," 2,844 "," 2,981 "," 2,688 "," 2,670 "," 2,184 "
Czechia, 145 , 244 , 307 , 267 , 267 , 457 , 476 , 344 , 287 , 227 , 146 , 190 , 303 , 677 , 676 , 606 , 637 , 650 , 582 
Czechoslovakia (former), 318 , 665 , 863 , 897 , 543 , 673 , 784 ," 1,442 ", 927 , 862 , 865 , 750 , 466 , 159 , 74 , 74 , 58 , 62 , 52 
Hungary, 694 ," 1,023 "," 1,263 "," 1,274 "," 1,021 "," 1,272 "," 1,567 "," 1,704 "," 1,266 "," 1,127 "," 1,314 "," 1,022 "," 1,044 "," 1,054 "," 1,052 ", 996 ," 1,095 "," 1,048 ", 972 
Poland," 8,773 "," 10,090 "," 11,769 "," 12,711 "," 10,510 "," 14,326 "," 15,351 "," 17,051 "," 10,355 "," 8,354 "," 8,754 "," 7,643 "," 6,863 "," 6,300 "," 6,430 "," 5,689 "," 5,275 "," 5,603 "," 4,845 "
Republic of Moldova, 753 ," 1,251 "," 2,068 "," 2,103 "," 1,151 "," 1,507 "," 3,506 "," 3,036 "," 1,356 "," 1,692 "," 2,295 "," 1,981 "," 2,258 "," 2,021 "," 2,485 "," 2,341 "," 2,496 "," 2,929 "," 2,480 "
Romania," 5,678 "," 6,863 "," 6,628 "," 4,887 "," 3,655 "," 4,571 "," 7,103 "," 7,137 "," 5,802 "," 4,930 "," 4,910 "," 4,003 "," 3,882 "," 3,748 "," 3,773 "," 3,246 "," 3,376 "," 3,554 "," 2,953 "
Russian Federation," 12,321 "," 16,940 "," 20,313 "," 20,771 "," 13,935 "," 17,410 "," 18,055 "," 13,159 "," 9,426 "," 11,695 "," 8,238 "," 6,718 "," 7,944 "," 9,969 "," 9,753 "," 9,079 "," 8,799 "," 9,297 "," 8,918 "
Slovak Republic, 492 , 549 , 809 , 725 , 674 , 800 , 965 ," 1,111 ", 763 , 653 , 706 , 538 , 594 , 528 , 507 , 460 , 424 , 483 , 388 
Ukraine," 10,102 "," 15,511 "," 20,914 "," 21,190 "," 11,633 "," 14,156 "," 22,745 "," 17,140 "," 11,001 "," 10,813 "," 11,223 "," 8,477 "," 8,292 "," 7,642 "," 8,193 "," 7,752 "," 7,987 "," 10,422 "," 10,135 "
USSR (former)," 5,022 "," 3,263 "," 2,707 "," 2,403 "," 1,072 ", 929 ," 2,899 "," 6,229 "," 5,090 "," 5,270 "," 5,911 "," 4,978 "," 3,687 "," 1,296 "," 1,264 "," 1,136 "," 1,022 "," 1,042 ", 939 
Northern Europe," 12,065 "," 19,471 "," 26,140 "," 23,442 "," 15,495 "," 22,587 "," 28,878 "," 25,556 "," 20,871 "," 19,813 "," 21,882 "," 18,430 "," 16,726 "," 17,269 "," 18,516 "," 17,356 "," 18,114 "," 18,382 "," 15,839 "
Denmark, 367 , 537 , 706 , 609 , 405 , 566 , 718 , 699 , 517 , 498 , 603 , 518 , 459 , 459 , 506 , 514 , 609 , 521 , 461 
Estonia, 142 , 239 , 348 , 343 , 235 , 322 , 438 , 423 , 368 , 287 , 282 , 260 , 191 , 227 , 211 , 220 , 189 , 211 , 176 
Finland, 307 , 377 , 497 , 426 , 241 , 388 , 574 , 542 , 426 , 302 , 423 , 397 , 363 , 348 , 331 , 350 , 407 , 489 , 439 
Iceland, 79 , 129 , 134 , 93 , 97 , 105 , 135 , 145 , 95 , 122 , 131 , 105 , 90 , 103 , 139 , 86 , 104 , 97 , 86 
Ireland, 804 ," 1,296 "," 1,505 "," 1,398 ", 983 ," 1,531 "," 2,088 "," 1,906 "," 1,503 "," 1,465 "," 1,637 "," 1,507 "," 1,371 "," 1,514 "," 1,626 "," 1,605 "," 1,607 "," 1,759 "," 1,485 "
Latvia, 444 , 548 , 711 , 683 , 458 , 605 , 768 , 892 , 568 , 455 , 444 , 435 , 426 , 436 , 424 , 384 , 480 , 391 , 359 
Lithuania," 1,147 "," 1,349 "," 1,732 "," 1,786 "," 2,266 "," 2,480 "," 2,417 "," 1,885 "," 1,361 ", 967 ," 1,069 ", 985 , 936 , 924 , 854 , 747 , 750 , 735 , 645 
Norway, 307 , 459 , 547 , 431 , 320 , 405 , 423 , 481 , 343 , 350 , 407 , 334 , 339 , 276 , 335 , 271 , 310 , 362 , 290 
Sweden, 821 ," 1,264 "," 1,682 "," 1,376 ", 963 ," 1,270 "," 1,517 "," 1,376 "," 1,145 "," 1,019 "," 1,138 "," 1,097 ", 979 , 968 ," 1,106 ", 954 ," 1,066 "," 1,144 ", 950 
United Kingdom," 7,647 "," 13,273 "," 18,278 "," 16,297 "," 9,527 "," 14,915 "," 19,800 "," 17,207 "," 14,545 "," 14,348 "," 15,748 "," 12,792 "," 11,572 "," 12,014 "," 12,984 "," 12,225 "," 12,592 "," 12,673 "," 10,948 "
Southern Europe," 16,401 "," 26,995 "," 45,699 "," 50,545 "," 18,438 "," 25,677 "," 35,410 "," 27,760 "," 18,789 "," 17,883 "," 17,999 "," 15,579 "," 14,656 "," 14,501 "," 15,578 "," 16,705 "," 18,575 "," 21,592 "," 19,997 "
Albania," 3,695 "," 4,755 "," 4,358 "," 3,765 "," 3,362 "," 3,840 "," 5,947 "," 7,914 "," 5,737 "," 5,754 "," 5,137 "," 4,711 "," 3,612 "," 3,364 "," 3,186 "," 3,828 "," 4,653 "," 5,773 "," 5,722 "
Bosnia and Herzegovina," 5,412 "," 11,525 "," 23,594 "," 25,329 "," 6,155 "," 10,552 "," 14,074 "," 3,789 "," 1,569 "," 1,491 "," 1,501 ", 946 , 878 , 815 , 697 , 693 , 859 , 971 , 846 
Croatia, 580 ," 1,058 "," 2,853 "," 3,798 "," 1,153 "," 1,511 "," 1,780 ", 945 , 482 , 455 , 496 , 357 , 349 , 336 , 353 , 297 , 348 , 388 , 375 
Greece, 719 , 950 ," 1,155 "," 1,009 ", 651 , 769 ," 1,070 "," 1,124 ", 882 , 769 , 798 , 745 , 949 ," 1,054 "," 1,361 "," 1,235 "," 1,211 "," 1,451 "," 1,314 "
Italy," 1,512 "," 2,448 "," 3,096 "," 2,578 "," 1,644 "," 2,346 "," 3,066 "," 3,215 "," 2,569 "," 2,514 "," 2,892 "," 2,579 "," 2,443 "," 2,673 "," 2,960 "," 3,298 "," 3,544 "," 4,078 "," 3,655 "
Kosovo, - , - , - , - , - , - , - , - , X , - , - , 355 , 670 , 782 , 839 , 758 , 814 ," 1,020 "," 1,014 "
Macedonia, 569 , 790 , 921 , 821 , 653 , 775 ," 1,070 "," 1,317 "," 1,227 "," 1,107 "," 1,128 ", 963 ," 1,078 ", 906 , 895 , 960 ," 1,060 "," 1,262 "," 1,027 "
Malta, 43 , 54 , 57 , 44 , 37 , 57 , 74 , 70 , 53 , 66 , 58 , 74 , 51 , 62 , 43 , 39 , 58 , 65 , 75 
Montenegro,,,,,,,,, - , - , - , 120 , 204 , 265 , 265 , 289 , 251 , 387 , 323 
Portugal," 1,058 "," 1,343 "," 1,609 "," 1,313 ", 808 ," 1,069 "," 1,125 "," 1,409 "," 1,019 ", 772 , 946 , 755 , 821 , 811 , 918 , 892 , 857 ," 1,006 ", 939 
Serbia,,,,,,,,, - , - , - , 20 , 244 , 704 , 866 ," 1,143 "," 1,278 "," 1,351 "," 1,410 "
Serbia and Montenegro (former)," 1,886 "," 2,742 "," 6,203 "," 10,387 "," 2,994 "," 3,331 "," 5,202 "," 5,891 "," 3,586 "," 3,255 "," 3,166 "," 2,196 "," 1,398 ", 801 , 653 , 267 , 232 , 202 , 144 
Slovenia, 58 , 76 , 142 , 140 , 64 , 88 , 114 , 115 , 87 , 79 , 108 , 74 , 69 , 86 , 62 , 78 , 107 , 119 , 108 
Spain, 869 ," 1,254 "," 1,711 "," 1,361 ", 917 ," 1,339 "," 1,888 "," 1,971 "," 1,578 "," 1,621 "," 1,769 "," 1,684 "," 1,890 "," 1,842 "," 2,480 "," 2,928 "," 3,303 "," 3,519 "," 3,045 "
Western Europe," 9,454 "," 14,486 "," 18,715 "," 16,539 "," 9,818 "," 13,912 "," 18,003 "," 16,596 "," 14,317 "," 15,106 "," 15,681 "," 13,871 "," 12,499 "," 12,405 "," 13,434 "," 12,823 "," 13,251 "," 13,695 "," 12,124 "
Austria, 230 , 405 , 522 , 483 , 295 , 402 , 532 , 524 , 485 , 443 , 512 , 442 , 424 , 407 , 415 , 438 , 474 , 432 , 387 
Belgium, 426 , 670 , 814 , 769 , 455 , 638 , 859 , 716 , 638 , 642 , 686 , 592 , 567 , 574 , 675 , 632 , 662 , 691 , 625 
France," 2,196 "," 3,442 "," 4,569 "," 3,797 "," 2,375 "," 3,595 "," 4,399 "," 4,258 "," 3,494 "," 4,935 "," 4,569 "," 3,919 "," 3,653 "," 3,862 "," 4,425 "," 4,284 "," 4,693 "," 5,159 "," 4,782 "
Germany," 5,166 "," 7,565 "," 9,790 "," 8,888 "," 5,064 "," 7,099 "," 9,264 "," 8,436 "," 7,582 "," 7,091 "," 7,583 "," 6,888 "," 6,125 "," 5,812 "," 6,032 "," 5,584 "," 5,436 "," 5,306 "," 4,662 "
Luxembourg, 11 , 26 , 34 , 32 , 16 , 13 , 35 , 28 , 39 , 28 , 30 , 22 , 24 , 19 , 40 , 26 , 27 , 34 , 33 
Monaco, 5 , 12 , 9 , 17 , D , 7 , 7 , D , 6 , 7 , 4 , 12 , 6 , 5 , 8 , 8 , 10 , 11 , 14 
Netherlands, 773 ," 1,337 "," 1,679 "," 1,549 ", 981 ," 1,303 "," 1,815 "," 1,651 "," 1,368 "," 1,240 "," 1,499 "," 1,321 "," 1,085 "," 1,091 "," 1,142 "," 1,195 "," 1,309 "," 1,319 "," 1,056 "
Switzerland, 647 ," 1,029 "," 1,298 "," 1,004 ", 632 , 855 ," 1,092 ", 983 , 705 , 720 , 798 , 675 , 615 , 635 , 697 , 656 , 640 , 743 , 565 
Other Europe,,,,,,,,,, 7 , 12 , 13 , 11 , 3 , 7 , 7 , 12 , 11 , 8 
Oceania," 3,636 "," 5,089 "," 6,052 "," 5,482 "," 4,335 "," 5,967 "," 6,526 "," 7,372 "," 6,090 "," 5,263 "," 5,578 "," 5,345 "," 4,980 "," 4,742 "," 5,277 "," 5,112 "," 5,404 "," 5,588 "," 5,071 "
Australia and New Zealand," 1,625 "," 3,008 "," 4,016 "," 3,674 "," 2,713 "," 3,735 "," 4,486 "," 4,349 "," 3,565 "," 3,357 "," 3,569 "," 3,431 "," 3,146 "," 3,228 "," 3,680 "," 3,605 "," 3,889 "," 4,085 "," 3,704 "
Australia," 1,103 "," 2,044 "," 2,811 "," 2,557 "," 1,836 "," 2,604 "," 3,193 "," 3,249 "," 2,518 "," 2,464 "," 2,622 "," 2,512 "," 2,343 "," 2,414 "," 2,759 "," 2,809 "," 3,034 "," 3,239 "," 2,906 "
New Zealand, 522 , 964 ," 1,205 "," 1,117 ", 877 ," 1,131 "," 1,293 "," 1,100 "," 1,047 ", 893 , 947 , 919 , 803 , 814 , 921 , 796 , 855 , 846 , 798 
Melanesia," 1,616 "," 1,514 "," 1,491 "," 1,246 "," 1,134 "," 1,618 "," 1,474 "," 2,157 "," 1,683 "," 1,203 "," 1,226 "," 1,237 "," 1,066 ", 877 , 928 , 826 , 895 , 894 , 827 
Fiji," 1,599 "," 1,483 "," 1,452 "," 1,208 "," 1,095 "," 1,593 "," 1,422 "," 2,115 "," 1,637 "," 1,176 "," 1,194 "," 1,201 "," 1,041 ", 853 , 895 , 802 , 875 , 866 , 805 
New Caledonia, 3 , 3 , 6 , 5 , D , D , 5 , 7 , 5 , 5 , 13 , 6 , 5 , 3 , 6 , 6 , 9 , 5 , 4 
Papua New Guinea, 14 , 21 , 26 , 26 , 34 , 19 , 44 , 30 , 31 , 15 , 19 , 30 , 20 , 21 , 27 , 18 , 11 , 23 , 18 
Solomon Islands, D , 7 , 7 , 7 , 5 , 6 , 3 , 5 , 10 , 7 , D , D , D , D , D , D , D , D , D 
Micronesia , -   , 11 , 9 , 10 , 16 , 11 , 18 , 28 , 28 , 23 , 42 , 34 , 16 , 29 , 20 , 23 , 25 , 34 , 19 
Kiribati, -   , 3 , -   , D , 4 , D , 4 , 8 , 10 , 4 , 10 , 6 , D , 6 , D , 6 , 4 , 9 , D 
"Micronesia, Federated States", D , 5 , 9 , D , 4 , 5 , 6 , 12 , 7 , 13 , 16 , 10 , 9 , 13 , 4 , 5 , 6 , 11 , 6 
Palau, D , 3 , D , 10 , 8 , 6 , 8 , 8 , 11 , 6 , 16 , 18 , 7 , 10 , 16 , 12 , 15 , 14 , 13 
Polynesia, 395 , 556 , 536 , 552 , 472 , 603 , 548 , 838 , 814 , 671 , 726 , 629 , 734 , 594 , 631 , 639 , 580 , 561 , 499 
American Samoa, 11 , 7 , 28 , 26 , 16 , 12 , 15 , 28 , 11 , 14 , 19 , 14 , D , - , D , - , - , - , D 
French Polynesia, 9 , 13 , 16 , 12 , 14 , 13 , 19 , 37 , 27 , 26 , 30 , 16 , 21 , 30 , - , 24 , 14 , 27 , 20 
Marshall Islands, 3 , 3 , D , 26 , 26 , 48 , 32 , 53 , 48 , 39 , 48 , 37 , 38 , 50 , 46 , 56 , 32 , 32 , 23 
Samoa, 91 , 184 , 165 , 157 , 178 , 203 , 173 , 283 , 290 , 227 , 250 , 219 , 267 , 238 , 237 , 239 , 207 , 219 , 194 
Tonga, 281 , 349 , 327 , 331 , 238 , 327 , 309 , 437 , 438 , 365 , 379 , 343 , 408 , 276 , 348 , 320 , 327 , 283 , 262 
Other Oceania,,,,,,,,,, 9 , 15 , 14 , 18 , 14 , 18 , 19 , 15 , 14 , 22 
All other countries, 33 , 46 , 49 , 61 , 35 , 43 , 65 , 53 , 23 ,,,,,,,,,,
Unknown," 1,156 "," 1,172 "," 2,311 "," 2,622 "," 1,201 "," 3,227 "," 5,303 "," 2,734 "," 1,394 "," 1,394 "," 1,366 "," 1,330 "," 1,245 "," 1,206 "," 3,263 "," 1,150 ", 677 ," 1,724 "," 1,468 "